name_en,color_en,sku,price_usd,price_eur,instock,description_en,description_de,category_en,active,image_main,image_alt,image_alt2,image_alt3
Lenus Belt,,98851,1.99,1.99,1,,,Billabong,1,98851_1.jpg,98851_1.jpg,98851_1.jpg,98851_1.jpg
I Love Tee SS Women,,118893,14.99,14.99,1,,,Billabong,1,118893_1.jpg,118893_1.jpg,118893_1.jpg,118893_1.jpg
Lola Tee SS Women,,118894,12.49,12.49,1,,,Billabong,1,118894_1.jpg,118894_1.jpg,118894_1.jpg,118894_1.jpg
Quad Tee SS,,122321,14.99,14.99,1,,,Billabong,1,122321_1.jpg,122321_1.jpg,122321_1.jpg,122321_1.jpg
Seizure Satchel,,122379,19.99,19.99,1,,,Billabong,1,122379_1.jpg,122379_1.jpg,122379_1.jpg,122379_1.jpg
Boxed Out Boardshort youth,,122394,1.99,1.99,1,,,Billabong,1,122394_1.jpg,122394_1.jpg,122394_1.jpg,122394_1.jpg
Eclipse SS youth,,122405,16.49,16.49,1,,,Billabong,1,122405_1.jpg,122405_1.jpg,122405_1.jpg,122405_1.jpg
Skull 80 SS youth,,122412,24.99,24.99,1,,,Billabong,1,122412_1.jpg,122412_1.jpg,122412_1.jpg,122412_1.jpg
Gary Polo SS Youth,,140501,29.99,29.99,1,,,Billabong,1,140501_1.jpg,140501_1.jpg,140501_1.jpg,140501_1.jpg
Seizure Bag clay court,,100402_clay_court,1.99,1.99,1,,,Billabong,1,100402_1.jpg,100402_1.jpg,100402_1.jpg,100402_1.jpg
Incision Leather Belt tacoma brown,,118879_tacoma_brown,1.99,1.99,1,,,Billabong,1,118879_1.jpg,118879_1.jpg,118879_1.jpg,118879_1.jpg
I Love Tee SS Women grey heather,,118893_grey_heather,5.99,5.99,1,,,Billabong,1,118893_3.jpg,118893_3.jpg,118893_3.jpg,118893_3.jpg
I Love Tee SS Women turquoise,,118893_turquoise,39.99,39.99,1,,,Billabong,1,118893_1.jpg,118893_1.jpg,118893_1.jpg,118893_1.jpg
I Love Tee SS Women white,,118893_white,12.49,12.49,1,,,Billabong,1,118893_5.jpg,118893_5.jpg,118893_5.jpg,118893_5.jpg
Lola Tee SS Women grey heather,,118894_grey_heather,2.49,2.49,1,,,Billabong,1,118894_3.jpg,118894_3.jpg,118894_3.jpg,118894_3.jpg
Lola Tee SS Women paradise pink,,118894_paradise_pink,1.99,1.99,1,,,Billabong,1,118894_1.jpg,118894_1.jpg,118894_1.jpg,118894_1.jpg
Nava-Roll the World Beach Tote Women fog,,122233_fog,6.99,6.99,1,,,Billabong,1,122233_1.jpg,122233_1.jpg,122233_1.jpg,122233_1.jpg
System Tee SS aquatic blue,,122312_aquatic_blue,1.99,1.99,1,,,Billabong,1,122312_9.jpg,122312_9.jpg,122312_9.jpg,122312_9.jpg
System Tee SS black,,122312_black,59.99,59.99,1,,,Billabong,1,122312_4.jpg,122312_4.jpg,122312_4.jpg,122312_4.jpg
System Tee SS dirty plum,,122312_dirty_plum,4.99,4.99,1,,,Billabong,1,122312_3.jpg,122312_3.jpg,122312_3.jpg,122312_3.jpg
System Tee SS fire red,,122312_fire_red,29.99,29.99,1,,,Billabong,1,122312_6.jpg,122312_6.jpg,122312_6.jpg,122312_6.jpg
System Tee SS lime,,122312_lime,15,15,1,,,Billabong,1,122312_8.jpg,122312_8.jpg,122312_8.jpg,122312_8.jpg
System Tee SS royal blue,,122312_royal_blue,2.49,2.49,1,,,Billabong,1,122312_1.jpg,122312_1.jpg,122312_1.jpg,122312_1.jpg
System Tee SS white,,122312_white,1.49,1.49,1,,,Billabong,1,122312_10.jpg,122312_10.jpg,122312_10.jpg,122312_10.jpg
Eclipse Tee SS black,,122320_black,12.49,12.49,1,,,Billabong,1,122320_4.jpg,122320_4.jpg,122320_4.jpg,122320_4.jpg
Eclipse Tee SS grey heather,,122320_grey_heather,12.49,12.49,1,,,Billabong,1,122320_2.jpg,122320_2.jpg,122320_2.jpg,122320_2.jpg
Eclipse Tee SS kelly,,122320_kelly,19.99,19.99,1,,,Billabong,1,122320_6.jpg,122320_6.jpg,122320_6.jpg,122320_6.jpg
Eclipse Tee SS royal blue,,122320_royal_blue,6.99,6.99,1,,,Billabong,1,122320_1.jpg,122320_1.jpg,122320_1.jpg,122320_1.jpg
Eclipse Tee SS white,,122320_white,1.99,1.99,1,,,Billabong,1,122320_7.jpg,122320_7.jpg,122320_7.jpg,122320_7.jpg
Quad Tee SS black,,122321_black,12.49,12.49,1,,,Billabong,1,122321_1.jpg,122321_1.jpg,122321_1.jpg,122321_1.jpg
Quad Tee SS light yellow,,122321_light_yellow,1.99,1.99,1,,,Billabong,1,122321_5.jpg,122321_5.jpg,122321_5.jpg,122321_5.jpg
Quad Tee SS naval blue,,122321_naval_blue,19.99,19.99,1,,,Billabong,1,122321_3.jpg,122321_3.jpg,122321_3.jpg,122321_3.jpg
Because Tee SS black,,122333_black,19.99,19.99,1,,,Billabong,1,122333_3.jpg,122333_3.jpg,122333_3.jpg,122333_3.jpg
Because Tee SS palm,,122333_palm,14.99,14.99,1,,,Billabong,1,122333_6.jpg,122333_6.jpg,122333_6.jpg,122333_6.jpg
Because Tee SS sunset,,122333_sunset,14.99,14.99,1,,,Billabong,1,122333_1.jpg,122333_1.jpg,122333_1.jpg,122333_1.jpg
Because Tee SS white,,122333_white,24.99,24.99,1,,,Billabong,1,122333_5.jpg,122333_5.jpg,122333_5.jpg,122333_5.jpg
Jackson Tee SS grey heather,,122340_grey_heather,39.99,39.99,1,,,Billabong,1,122340_1.jpg,122340_1.jpg,122340_1.jpg,122340_1.jpg
Jackson Tee SS marine heather,,122340_marine_heather,5.99,5.99,1,,,Billabong,1,122340_2.jpg,122340_2.jpg,122340_2.jpg,122340_2.jpg
Jackson Tee SS mint leather,,122340_mint_leather,12.49,12.49,1,,,Billabong,1,122340_4.jpg,122340_4.jpg,122340_4.jpg,122340_4.jpg
Seizure Satchel black,,122379_black,12.49,12.49,1,,,Billabong,1,122379_1.jpg,122379_1.jpg,122379_1.jpg,122379_1.jpg
Seizure Satchel brown,,122379_brown,12.49,12.49,1,,,Billabong,1,122379_2.jpg,122379_2.jpg,122379_2.jpg,122379_2.jpg
Boxed Out Boardshort youth multi,,122394_multi,1.99,1.99,1,,,Billabong,1,122394_1.jpg,122394_1.jpg,122394_1.jpg,122394_1.jpg
Eclipse SS youth aquatic blue,,122405_aquatic_blue,2.49,2.49,1,,,Billabong,1,122405_2.jpg,122405_2.jpg,122405_2.jpg,122405_2.jpg
Eclipse SS youth black,,122405_black,2.49,2.49,1,,,Billabong,1,122405_3.jpg,122405_3.jpg,122405_3.jpg,122405_3.jpg
Eclipse SS youth light yellow,,122405_light_yellow,26.99,26.99,1,,,Billabong,1,122405_5.jpg,122405_5.jpg,122405_5.jpg,122405_5.jpg
Eclipse SS youth red fire,,122405_red_fire,7.99,7.99,1,,,Billabong,1,122405_8.jpg,122405_8.jpg,122405_8.jpg,122405_8.jpg
Eclipse SS youth royal blue,,122405_royal_blue,14.99,14.99,1,,,Billabong,1,122405_6.jpg,122405_6.jpg,122405_6.jpg,122405_6.jpg
Eclipse SS youth tourquoise,,122405_tourquoise,1.99,1.99,1,,,Billabong,1,122405_1.jpg,122405_1.jpg,122405_1.jpg,122405_1.jpg
Eclipse SS youth turquoise,,122405_turquoise,44.99,44.99,1,,,Billabong,1,122405_9.jpg,122405_9.jpg,122405_9.jpg,122405_9.jpg
Eclipse SS youth white,,122405_white,19.99,19.99,1,,,Billabong,1,122405_7.jpg,122405_7.jpg,122405_7.jpg,122405_7.jpg
Asterisk SS youth black,,122409_black,7.99,7.99,1,,,Billabong,1,122409_2.jpg,122409_2.jpg,122409_2.jpg,122409_2.jpg
Asterisk SS youth dirty plum,,122409_dirty_plum,24.99,24.99,1,,,Billabong,1,122409_1.jpg,122409_1.jpg,122409_1.jpg,122409_1.jpg
Asterisk SS youth turquoise,,122409_turquoise,9.99,9.99,1,,,Billabong,1,122409_3.jpg,122409_3.jpg,122409_3.jpg,122409_3.jpg
Asterisk SS youth washed orange,,122409_washed_orange,9.99,9.99,1,,,Billabong,1,122409_4.jpg,122409_4.jpg,122409_4.jpg,122409_4.jpg
Asterisk SS youth white,,122409_white,14.99,14.99,1,,,Billabong,1,122409_5.jpg,122409_5.jpg,122409_5.jpg,122409_5.jpg
Thort SS youth black,,122410_black,29.99,29.99,1,,,Billabong,1,122410_1.jpg,122410_1.jpg,122410_1.jpg,122410_1.jpg
Thort SS youth lime,,122410_lime,6.99,6.99,1,,,Billabong,1,122410_2.jpg,122410_2.jpg,122410_2.jpg,122410_2.jpg
Thort SS youth royal blue,,122410_royal_blue,12.49,12.49,1,,,Billabong,1,122410_3.jpg,122410_3.jpg,122410_3.jpg,122410_3.jpg
Thort SS youth white,,122410_white,12.49,12.49,1,,,Billabong,1,122410_4.jpg,122410_4.jpg,122410_4.jpg,122410_4.jpg
Skull 80 SS youth navy,,122412_navy,14.99,14.99,1,,,Billabong,1,122412_1.jpg,122412_1.jpg,122412_1.jpg,122412_1.jpg
Flow Tee SS Youth true black,,138966_true_black,4.99,4.99,1,,,Billabong,1,138966_4.jpg,138966_4.jpg,138966_4.jpg,138966_4.jpg
Supremacy Boardshort Youth blue,,140458_blue,2.49,2.49,1,,,Billabong,1,140458_2.jpg,140458_2.jpg,140458_2.jpg,140458_2.jpg
Supremacy Boardshort Youth charcoal,,140458_charcoal,3.99,3.99,1,,,Billabong,1,140458_1.jpg,140458_1.jpg,140458_1.jpg,140458_1.jpg
Alex Boardshort Youth blue,,140467_blue,3.99,3.99,1,,,Billabong,1,140467_3.jpg,140467_3.jpg,140467_3.jpg,140467_3.jpg
Alex Boardshort Youth multico,,140467_multico,5.99,5.99,1,,,Billabong,1,140467_1.jpg,140467_1.jpg,140467_1.jpg,140467_1.jpg
Alex Boardshort Youth neo orange,,140467_neo_orange,12.49,12.49,1,,,Billabong,1,140467_2.jpg,140467_2.jpg,140467_2.jpg,140467_2.jpg
Gary Polo SS Youth lime,,140501_lime,29.99,29.99,1,,,Billabong,1,140501_2.jpg,140501_2.jpg,140501_2.jpg,140501_2.jpg
Gary Polo SS Youth naval blue,,140501_naval_blue,15,15,1,,,Billabong,1,140501_3.jpg,140501_3.jpg,140501_3.jpg,140501_3.jpg
Board Grip yellow,,7907_yellow,6.99,6.99,1,,,Billabong,1,7907_1.jpg,7907_1.jpg,7907_1.jpg,7907_1.jpg
Landen Insulated Pant steeple grey,,97788_steeple_grey,14.99,14.99,1,,,Billabong,1,97788_1.jpg,97788_1.jpg,97788_1.jpg,97788_1.jpg
Spectre Glove,,95521,9.99,9.99,1,Features: DRYRIDE Ultrashell__¢ Water-Resistant Stretch Fabric  Brushed Microfiber Fixed Lining  Synthetic Suede Palm with No-Slip Grip  Low-Profile Cuff  Pistol Grip Pre-Curved Fit </p>,,Burton,1,95521_1.jpg,95521_1.jpg,95521_1.jpg,95521_1.jpg
Fade Beanie,,96001,1.99,1.99,1,,,Burton,1,96001_1.jpg,96001_1.jpg,96001_1.jpg,96001_1.jpg
Trope Beanie,,96022,14.99,14.99,1,,,Burton,1,96022_1.jpg,96022_1.jpg,96022_1.jpg,96022_1.jpg
Studded Belt,,96097,14.99,14.99,1,,,Burton,1,96097_1.jpg,96097_1.jpg,96097_1.jpg,96097_1.jpg
Crammed SS,,96162,44.99,44.99,1,,,Burton,1,96162_1.jpg,96162_1.jpg,96162_1.jpg,96162_1.jpg
Pennant SS,,96172,24.99,24.99,1,,,Burton,1,96172_1.jpg,96172_1.jpg,96172_1.jpg,96172_1.jpg
Her Logo SS Women,,122811,12.49,12.49,1,Features: Pre-Washed Fabric  Screen Print on Front </p><p>100% Cotton</p>,,Burton,1,122811_1.jpg,122811_1.jpg,122811_1.jpg,122811_1.jpg
Solo Parenth SS white,,122800_white,2.49,2.49,1,,,Burton,1,122800_4.jpg,122800_4.jpg,122800_4.jpg,122800_4.jpg
Her Logo SS Women bright white,,122811_bright_white,14.99,14.99,1,,,Burton,1,122811_11.jpg,122811_11.jpg,122811_11.jpg,122811_11.jpg
Her Logo SS Women heather berry,,122811_heather_berry,44.99,44.99,1,,,Burton,1,122811_9.jpg,122811_9.jpg,122811_9.jpg,122811_9.jpg
Her Logo SS Women heather peacock,,122811_heather_peacock,7.99,7.99,1,,,Burton,1,122811_7.jpg,122811_7.jpg,122811_7.jpg,122811_7.jpg
Her Logo SS Women heather sweet leaf,,122811_heather_sweet_leaf,26.99,26.99,1,,,Burton,1,122811_1.jpg,122811_1.jpg,122811_1.jpg,122811_1.jpg
Her Logo SS Women sunflower,,122811_sunflower,19.99,19.99,1,,,Burton,1,122811_5.jpg,122811_5.jpg,122811_5.jpg,122811_5.jpg
Andover Jacket astro turf colorblock,,95385_astro_turf_colorblock,26.99,26.99,1,,,Burton,1,95385_7.jpg,95385_7.jpg,95385_7.jpg,95385_7.jpg
Andover Jacket cardinal,,95385_cardinal,1.99,1.99,1,,,Burton,1,95385_1.jpg,95385_1.jpg,95385_1.jpg,95385_1.jpg
Lucky Pant Women true black,,95490_true_black,7.99,7.99,1,,,Burton,1,95490_1.jpg,95490_1.jpg,95490_1.jpg,95490_1.jpg
Spectre Glove day of the dead,,95521_day_of_the_dead,19.99,19.99,1,,,Burton,1,95521_3.jpg,95521_3.jpg,95521_3.jpg,95521_3.jpg
Spectre Glove haculla black,,95521_haculla_black,14.99,14.99,1,,,Burton,1,95521_2.jpg,95521_2.jpg,95521_2.jpg,95521_2.jpg
Spectre Glove mike giant,,95521_mike_giant,44.99,44.99,1,,,Burton,1,95521_5.jpg,95521_5.jpg,95521_5.jpg,95521_5.jpg
Spectre Glove nat geo,,95521_nat_geo,7.99,7.99,1,,,Burton,1,95521_4.jpg,95521_4.jpg,95521_4.jpg,95521_4.jpg
Spectre Glove prep,,95521_prep,26.99,26.99,1,,,Burton,1,95521_1.jpg,95521_1.jpg,95521_1.jpg,95521_1.jpg
Spectre Glove wild things,,95521_wild_things,14.99,14.99,1,,,Burton,1,95521_6.jpg,95521_6.jpg,95521_6.jpg,95521_6.jpg
Fade Beanie blue 23,,96001_blue_23,12.49,12.49,1,,,Burton,1,96001_2.jpg,96001_2.jpg,96001_2.jpg,96001_2.jpg
Fade Beanie team blue,,96001_team_blue,3.99,3.99,1,,,Burton,1,96001_3.jpg,96001_3.jpg,96001_3.jpg,96001_3.jpg
Fade Beanie true black,,96001_true_black,5.99,5.99,1,,,Burton,1,96001_1.jpg,96001_1.jpg,96001_1.jpg,96001_1.jpg
Trope Beanie astro turf,,96022_astro_turf,6.99,6.99,1,,,Burton,1,96022_5.jpg,96022_5.jpg,96022_5.jpg,96022_5.jpg
Trope Beanie cardinal,,96022_cardinal,29.99,29.99,1,,,Burton,1,96022_4.jpg,96022_4.jpg,96022_4.jpg,96022_4.jpg
Trope Beanie hunter,,96022_hunter,12.49,12.49,1,,,Burton,1,96022_6.jpg,96022_6.jpg,96022_6.jpg,96022_6.jpg
Trope Beanie mocha,,96022_mocha,9.99,9.99,1,,,Burton,1,96022_2.jpg,96022_2.jpg,96022_2.jpg,96022_2.jpg
Trope Beanie purple label,,96022_purple_label,9.99,9.99,1,,,Burton,1,96022_1.jpg,96022_1.jpg,96022_1.jpg,96022_1.jpg
Trope Beanie smurf,,96022_smurf,12.49,12.49,1,,,Burton,1,96022_7.jpg,96022_7.jpg,96022_7.jpg,96022_7.jpg
Trope Beanie stout white,,96022_stout_white,19.99,19.99,1,,,Burton,1,96022_8.jpg,96022_8.jpg,96022_8.jpg,96022_8.jpg
Trope Beanie team blue,,96022_team_blue,1.99,1.99,1,,,Burton,1,96022_9.jpg,96022_9.jpg,96022_9.jpg,96022_9.jpg
Trope Beanie true black,,96022_true_black,14.99,14.99,1,,,Burton,1,96022_3.jpg,96022_3.jpg,96022_3.jpg,96022_3.jpg
What's Your Niner astro turf,,96026_astro_turf,5.99,5.99,1,,,Burton,1,96026_2.jpg,96026_2.jpg,96026_2.jpg,96026_2.jpg
What's Your Niner team blue,,96026_team_blue,39.99,39.99,1,,,Burton,1,96026_1.jpg,96026_1.jpg,96026_1.jpg,96026_1.jpg
Crammed SS mocha,,96162_mocha,12.49,12.49,1,,,Burton,1,96162_7.jpg,96162_7.jpg,96162_7.jpg,96162_7.jpg
Pennant SS athletic heather,,96172_athletic_heather,29.99,29.99,1,,,Burton,1,96172_1.jpg,96172_1.jpg,96172_1.jpg,96172_1.jpg
Pennant SS kelly,,96172_kelly,1.99,1.99,1,,,Burton,1,96172_5.jpg,96172_5.jpg,96172_5.jpg,96172_5.jpg